group,Total Users,Conversions,revenue,Conversion Rate
A (Control),1000,100,10.211478455211251,10.0
B (Test),1000,131,12.453578946209188,13.100000000000001
